{"cameraMode":{"drawMode":0,"name":"Shaded","section":"Shading Mode"},"sceneLighting":false,"audioPlay":false,"sceneViewState":{"showFog":true,"showMaterialUpdate":false,"showSkybox":false,"showFlares":true,"showImageEffects":true,"showParticleSystems":true},"in2DMode":false,"pivot":{"x":1.1920928955078126e-7,"y":0.6336727142333984,"z":-0.21189895272254945},"rotation":{"x":0.22754138708114625,"y":-0.08342213183641434,"z":0.0195629820227623,"w":0.9700042009353638},"size":0.8914594650268555,"orthographic":false}